{
  "version": 1,
  "author": "Shreyas Nirgude 21BEC0650",
  "editor": "wokwi",
  "parts": [
    {
      "type": "wokwi-esp32-devkit-v1",
      "id": "esp",
      "top": 3.41,
      "left": -127.36,
      "rotate": 180,
      "attrs": {}
    },
    {
      "type": "wokwi-hc-sr04",
      "id": "ultrasonic1",
      "top": 48.61,
      "left": -29.89,
      "rotate": 90,
      "attrs": { "distance": "76" }
    },
    { "type": "wokwi-ssd1306", "id": "oled1", "top": 108.59, "left": -302.45, "attrs": {} }
  ],
  "connections": [
    [ "esp:TX0", "$serialMonitor:RX", "", [] ],
    [ "esp:RX0", "$serialMonitor:TX", "", [] ],
    [ "ultrasonic1:VCC", "esp:VIN", "red", [ "h-9.03", "v-32.87" ] ],
    [ "ultrasonic1:TRIG", "esp:D14", "green", [ "h0" ] ],
    [ "ultrasonic1:ECHO", "esp:D27", "green", [ "h0" ] ],
    [ "ultrasonic1:GND", "esp:GND.2", "black", [ "h-25.47", "v-43.97" ] ],
    [ "oled1:GND", "esp:GND.1", "black", [ "v0" ] ],
    [ "oled1:DATA", "esp:D21", "green", [ "v-21.49", "h129.91", "v50.31" ] ],
    [ "oled1:CLK", "esp:D22", "green", [ "v-31.01", "h112.07", "v84.3" ] ],
    [ "oled1:VIN", "esp:3V3", "red", [ "v0" ] ]
  ]
}